"~start_node_id","~start_node_labels","~start_node_property_descripcion","~start_node_property_nombre","~relationship_type","~end_node_id","~end_node_labels","~end_node_property_pregunta","~start_node_property_pregunta","~end_node_property_accion","~end_node_property_orden","~start_node_property_accion","~start_node_property_orden"
"4:42fa0b45-f15a-46e3-8c1d-acd05fba5810:12","Emergencia","Molestia ocular por polvo, partículas o irritantes visibles o no.","Cuerpo Extraño en el Ojo","TIENE_EVALUACION","4:42fa0b45-f15a-46e3-8c1d-acd05fba5810:19","Evaluacion","¿Hay algo visible flotando en el ojo?",,,,,
"4:42fa0b45-f15a-46e3-8c1d-acd05fba5810:12","Emergencia","Molestia ocular por polvo, partículas o irritantes visibles o no.","Cuerpo Extraño en el Ojo","TIENE_EVALUACION","4:42fa0b45-f15a-46e3-8c1d-acd05fba5810:20","Evaluacion","¿Dolor fuerte, visión borrosa o sangrado?",,,,,
"4:42fa0b45-f15a-46e3-8c1d-acd05fba5810:13","Emergencia","Cuerpo extraño superficial en la piel.","Astillas o Espinas Superficiales","TIENE_EVALUACION","4:42fa0b45-f15a-46e3-8c1d-acd05fba5810:21","Evaluacion","¿La astilla está parcialmente afuera y es pequeña?",,,,,
"4:42fa0b45-f15a-46e3-8c1d-acd05fba5810:14","Emergencia","Malestar digestivo leve por comida en mal estado.","Intoxicación Leve por Alimentos","TIENE_EVALUACION","4:42fa0b45-f15a-46e3-8c1d-acd05fba5810:22","Evaluacion","¿Hay vómito, diarrea o dolor abdominal leve?",,,,,
"4:42fa0b45-f15a-46e3-8c1d-acd05fba5810:14","Emergencia","Malestar digestivo leve por comida en mal estado.","Intoxicación Leve por Alimentos","TIENE_EVALUACION","4:42fa0b45-f15a-46e3-8c1d-acd05fba5810:23","Evaluacion","¿Hay fiebre alta, sangre o dolor intenso?",,,,,
"4:42fa0b45-f15a-46e3-8c1d-acd05fba5810:15","Emergencia","Molestia torácica posiblemente muscular o de otra causa no urgente.","Dolor en el Pecho Leve","TIENE_EVALUACION","4:42fa0b45-f15a-46e3-8c1d-acd05fba5810:24","Evaluacion","¿Es punzante y ocurre al moverse o respirar hondo?",,,,,
"4:42fa0b45-f15a-46e3-8c1d-acd05fba5810:15","Emergencia","Molestia torácica posiblemente muscular o de otra causa no urgente.","Dolor en el Pecho Leve","TIENE_EVALUACION","4:42fa0b45-f15a-46e3-8c1d-acd05fba5810:25","Evaluacion","¿Dolor opresivo, con sudor, náuseas o falta de aire?",,,,,
"4:42fa0b45-f15a-46e3-8c1d-acd05fba5810:16","Emergencia","Síntomas de ansiedad intensa o ataque de pánico.","Crisis de Ansiedad o Pánico","TIENE_EVALUACION","4:42fa0b45-f15a-46e3-8c1d-acd05fba5810:26","Evaluacion","¿La persona respira rápido, con miedo o palpitaciones?",,,,,
"4:42fa0b45-f15a-46e3-8c1d-acd05fba5810:16","Emergencia","Síntomas de ansiedad intensa o ataque de pánico.","Crisis de Ansiedad o Pánico","TIENE_EVALUACION","4:42fa0b45-f15a-46e3-8c1d-acd05fba5810:27","Evaluacion","¿Hay dolor en el pecho, desmayo o confusión?",,,,,
"4:42fa0b45-f15a-46e3-8c1d-acd05fba5810:17","Emergencia","Lesión causada por mordida humana o animal.","Mordeduras (Animales o Personas)","TIENE_EVALUACION","4:42fa0b45-f15a-46e3-8c1d-acd05fba5810:28","Evaluacion","¿Herida leve, sin sangrado abundante?",,,,,
"4:42fa0b45-f15a-46e3-8c1d-acd05fba5810:17","Emergencia","Lesión causada por mordida humana o animal.","Mordeduras (Animales o Personas)","TIENE_EVALUACION","4:42fa0b45-f15a-46e3-8c1d-acd05fba5810:29","Evaluacion","¿Herida profunda, sangrado fuerte o animal desconocido?",,,,,
"4:42fa0b45-f15a-46e3-8c1d-acd05fba5810:18","Emergencia","Síntomas alérgicos sin complicaciones respiratorias.","Reacción Alérgica Leve","TIENE_EVALUACION","4:42fa0b45-f15a-46e3-8c1d-acd05fba5810:30","Evaluacion","¿Hay ronchas o picazón sin dificultad para respirar?",,,,,
"4:42fa0b45-f15a-46e3-8c1d-acd05fba5810:18","Emergencia","Síntomas alérgicos sin complicaciones respiratorias.","Reacción Alérgica Leve","TIENE_EVALUACION","4:42fa0b45-f15a-46e3-8c1d-acd05fba5810:31","Evaluacion","¿Hay hinchazón en cara/cuello o dificultad para respirar?",,,,,
"4:42fa0b45-f15a-46e3-8c1d-acd05fba5810:19","Evaluacion",,,"SI","4:42fa0b45-f15a-46e3-8c1d-acd05fba5810:32","Paso",,"¿Hay algo visible flotando en el ojo?","No frotar el ojo.",1,,
"4:42fa0b45-f15a-46e3-8c1d-acd05fba5810:19","Evaluacion",,,"NO","4:42fa0b45-f15a-46e3-8c1d-acd05fba5810:35","Paso",,"¿Hay algo visible flotando en el ojo?","Puede haber sensación sin objeto visible. Enjuagar igual y observar.",4,,
"4:42fa0b45-f15a-46e3-8c1d-acd05fba5810:20","Evaluacion",,,"SI","4:42fa0b45-f15a-46e3-8c1d-acd05fba5810:36","Paso",,"¿Dolor fuerte, visión borrosa o sangrado?","No tocar más. Cubrir con gasa y llamar a emergencias.",5,,
"4:42fa0b45-f15a-46e3-8c1d-acd05fba5810:20","Evaluacion",,,"NO","4:42fa0b45-f15a-46e3-8c1d-acd05fba5810:37","Paso",,"¿Dolor fuerte, visión borrosa o sangrado?","Observar si mejora en minutos.",6,,
"4:42fa0b45-f15a-46e3-8c1d-acd05fba5810:21","Evaluacion",,,"SI","4:42fa0b45-f15a-46e3-8c1d-acd05fba5810:38","Paso",,"¿La astilla está parcialmente afuera y es pequeña?","Lava la zona.",1,,
"4:42fa0b45-f15a-46e3-8c1d-acd05fba5810:21","Evaluacion",,,"NO","4:42fa0b45-f15a-46e3-8c1d-acd05fba5810:41","Paso",,"¿La astilla está parcialmente afuera y es pequeña?","Si está muy profunda, no intentar extraer. Cubrir y buscar atención médica.",4,,
"4:42fa0b45-f15a-46e3-8c1d-acd05fba5810:22","Evaluacion",,,"SI","4:42fa0b45-f15a-46e3-8c1d-acd05fba5810:42","Paso",,"¿Hay vómito, diarrea o dolor abdominal leve?","Hidratación con agua o suero oral en sorbos.",1,,
"4:42fa0b45-f15a-46e3-8c1d-acd05fba5810:23","Evaluacion",,,"SI","4:42fa0b45-f15a-46e3-8c1d-acd05fba5810:44","Paso",,"¿Hay fiebre alta, sangre o dolor intenso?","No administrar medicamentos. Llamar a emergencias.",3,,
"4:42fa0b45-f15a-46e3-8c1d-acd05fba5810:24","Evaluacion",,,"SI","4:42fa0b45-f15a-46e3-8c1d-acd05fba5810:45","Paso",,"¿Es punzante y ocurre al moverse o respirar hondo?","Puede ser muscular. Reposar y observar.",1,,
"4:42fa0b45-f15a-46e3-8c1d-acd05fba5810:25","Evaluacion",,,"SI","4:42fa0b45-f15a-46e3-8c1d-acd05fba5810:46","Paso",,"¿Dolor opresivo, con sudor, náuseas o falta de aire?","Posible infarto. Llamar a emergencias.",2,,
"4:42fa0b45-f15a-46e3-8c1d-acd05fba5810:26","Evaluacion",,,"SI","4:42fa0b45-f15a-46e3-8c1d-acd05fba5810:47","Paso",,"¿La persona respira rápido, con miedo o palpitaciones?","Hablar con voz calmada.",1,,
"4:42fa0b45-f15a-46e3-8c1d-acd05fba5810:27","Evaluacion",,,"SI","4:42fa0b45-f15a-46e3-8c1d-acd05fba5810:50","Paso",,"¿Hay dolor en el pecho, desmayo o confusión?","Llamar a emergencias.",4,,
"4:42fa0b45-f15a-46e3-8c1d-acd05fba5810:28","Evaluacion",,,"SI","4:42fa0b45-f15a-46e3-8c1d-acd05fba5810:51","Paso",,"¿Herida leve, sin sangrado abundante?","Lavar con abundante agua y jabón por 5-10 minutos.",1,,
"4:42fa0b45-f15a-46e3-8c1d-acd05fba5810:29","Evaluacion",,,"SI","4:42fa0b45-f15a-46e3-8c1d-acd05fba5810:54","Paso",,"¿Herida profunda, sangrado fuerte o animal desconocido?","Cubrir y llamar a emergencias.",4,,
"4:42fa0b45-f15a-46e3-8c1d-acd05fba5810:30","Evaluacion",,,"SI","4:42fa0b45-f15a-46e3-8c1d-acd05fba5810:55","Paso",,"¿Hay ronchas o picazón sin dificultad para respirar?","Aplicar frío.",1,,
"4:42fa0b45-f15a-46e3-8c1d-acd05fba5810:31","Evaluacion",,,"SI","4:42fa0b45-f15a-46e3-8c1d-acd05fba5810:57","Paso",,"¿Hay hinchazón en cara/cuello o dificultad para respirar?","Posible anafilaxia. Llamar a emergencias.",3,,
"4:42fa0b45-f15a-46e3-8c1d-acd05fba5810:32","Paso",,,"SIGUE","4:42fa0b45-f15a-46e3-8c1d-acd05fba5810:33","Paso",,,"Intentar parpadear varias veces.",2,"No frotar el ojo.",1
"4:42fa0b45-f15a-46e3-8c1d-acd05fba5810:33","Paso",,,"SIGUE","4:42fa0b45-f15a-46e3-8c1d-acd05fba5810:34","Paso",,,"Si no se va, enjuagar con agua limpia o suero salino.",3,"Intentar parpadear varias veces.",2
"4:42fa0b45-f15a-46e3-8c1d-acd05fba5810:38","Paso",,,"SIGUE","4:42fa0b45-f15a-46e3-8c1d-acd05fba5810:39","Paso",,,"Usa pinzas limpias para extraer.",2,"Lava la zona.",1
"4:42fa0b45-f15a-46e3-8c1d-acd05fba5810:39","Paso",,,"SIGUE","4:42fa0b45-f15a-46e3-8c1d-acd05fba5810:40","Paso",,,"Lava y cubre con apósito.",3,"Usa pinzas limpias para extraer.",2
"4:42fa0b45-f15a-46e3-8c1d-acd05fba5810:42","Paso",,,"SIGUE","4:42fa0b45-f15a-46e3-8c1d-acd05fba5810:43","Paso",,,"Reposo, observar si mejora en pocas horas.",2,"Hidratación con agua o suero oral en sorbos.",1
"4:42fa0b45-f15a-46e3-8c1d-acd05fba5810:47","Paso",,,"SIGUE","4:42fa0b45-f15a-46e3-8c1d-acd05fba5810:48","Paso",,,"Guiar respiración: 'Inhala contando hasta 4, exhala contando hasta 4.'",2,"Hablar con voz calmada.",1
"4:42fa0b45-f15a-46e3-8c1d-acd05fba5810:48","Paso",,,"SIGUE","4:42fa0b45-f15a-46e3-8c1d-acd05fba5810:49","Paso",,,"Permanecer cerca hasta que se calme.",3,"Guiar respiración: 'Inhala contando hasta 4, exhala contando hasta 4.'",2
"4:42fa0b45-f15a-46e3-8c1d-acd05fba5810:70","Evaluacion",,,"SI","4:42fa0b45-f15a-46e3-8c1d-acd05fba5810:50","Paso",,"¿Hay labios morados, no puede hablar o caminar?","Llamar a emergencias.",4,,
"4:42fa0b45-f15a-46e3-8c1d-acd05fba5810:135","Paso",,,"SIGUE","4:42fa0b45-f15a-46e3-8c1d-acd05fba5810:50","Paso",,,"Llamar a emergencias.",4,"Aplicar hielo si es posible.",3
"4:42fa0b45-f15a-46e3-8c1d-acd05fba5810:51","Paso",,,"SIGUE","4:42fa0b45-f15a-46e3-8c1d-acd05fba5810:52","Paso",,,"Cubrir con gasa limpia.",2,"Lavar con abundante agua y jabón por 5-10 minutos.",1
"4:42fa0b45-f15a-46e3-8c1d-acd05fba5810:52","Paso",,,"SIGUE","4:42fa0b45-f15a-46e3-8c1d-acd05fba5810:53","Paso",,,"Buscar vacunación antitetánica si no está al día.",3,"Cubrir con gasa limpia.",2
"4:42fa0b45-f15a-46e3-8c1d-acd05fba5810:55","Paso",,,"SIGUE","4:42fa0b45-f15a-46e3-8c1d-acd05fba5810:56","Paso",,,"Administrar antihistamínico (si ya lo ha usado antes).",2,"Aplicar frío.",1
"4:42fa0b45-f15a-46e3-8c1d-acd05fba5810:58","Emergencia","Lesiones dentales por golpes o caídas.","Dientes Rotos o Caídos","TIENE_EVALUACION","4:42fa0b45-f15a-46e3-8c1d-acd05fba5810:59","Evaluacion","¿Se rompió pero el diente sigue en la boca?",,,,,
"4:42fa0b45-f15a-46e3-8c1d-acd05fba5810:58","Emergencia","Lesiones dentales por golpes o caídas.","Dientes Rotos o Caídos","TIENE_EVALUACION","4:42fa0b45-f15a-46e3-8c1d-acd05fba5810:60","Evaluacion","¿El diente se cayó completamente?",,,,,
"4:42fa0b45-f15a-46e3-8c1d-acd05fba5810:59","Evaluacion",,,"SI","4:42fa0b45-f15a-46e3-8c1d-acd05fba5810:61","Paso",,"¿Se rompió pero el diente sigue en la boca?","Enjuagar con agua tibia.",1,,
"4:42fa0b45-f15a-46e3-8c1d-acd05fba5810:60","Evaluacion",,,"SI","4:42fa0b45-f15a-46e3-8c1d-acd05fba5810:64","Paso",,"¿El diente se cayó completamente?","Buscar el diente por la corona (no la raíz).",4,,
"4:42fa0b45-f15a-46e3-8c1d-acd05fba5810:61","Paso",,,"SIGUE","4:42fa0b45-f15a-46e3-8c1d-acd05fba5810:62","Paso",,,"Aplicar frío externo.",2,"Enjuagar con agua tibia.",1