"~id","~labels","texto","descripcion","nombre","pregunta","accion","orden"
"4:42fa0b45-f15a-46e3-8c1d-acd05fba5810:0","Principio","Mantén la calma. Respira profundo. Puedes ayudar.",,,,,
"4:42fa0b45-f15a-46e3-8c1d-acd05fba5810:1","Principio","No intentes procedimientos complejos. Esta guía solo indica lo seguro.",,,,,
"4:42fa0b45-f15a-46e3-8c1d-acd05fba5810:2","Principio","Siempre llama al 160 (Bolivia) si no estás seguro de qué hacer.",,,,,
"4:42fa0b45-f15a-46e3-8c1d-acd05fba5810:3","Principio","Siempre llama al 160 (Bolivia) si la persona no responde, no respira, o el caso empeora.",,,,,
"4:42fa0b45-f15a-46e3-8c1d-acd05fba5810:4","Principio","Mantén la calma. Respira profundo. Puedes ayudar.",,,,,
"4:42fa0b45-f15a-46e3-8c1d-acd05fba5810:5","Principio","No intentes procedimientos complejos. Esta guía solo indica lo seguro.",,,,,
"4:42fa0b45-f15a-46e3-8c1d-acd05fba5810:6","Principio","Siempre llama al 160 (Bolivia) si no estás seguro de qué hacer.",,,,,
"4:42fa0b45-f15a-46e3-8c1d-acd05fba5810:7","Principio","Siempre llama al 160 (Bolivia) si la persona no responde, no respira, o el caso empeora.",,,,,
"4:42fa0b45-f15a-46e3-8c1d-acd05fba5810:8","Principio","Mantén la calma. Respira profundo. Puedes ayudar.",,,,,
"4:42fa0b45-f15a-46e3-8c1d-acd05fba5810:9","Principio","No intentes procedimientos complejos. Esta guía solo indica lo seguro.",,,,,
"4:42fa0b45-f15a-46e3-8c1d-acd05fba5810:10","Principio","Siempre llama al 160 (Bolivia) si no estás seguro de qué hacer.",,,,,
"4:42fa0b45-f15a-46e3-8c1d-acd05fba5810:11","Principio","Siempre llama al 160 (Bolivia) si la persona no responde, no respira, o el caso empeora.",,,,,
"4:42fa0b45-f15a-46e3-8c1d-acd05fba5810:12","Emergencia",,"Molestia ocular por polvo, partículas o irritantes visibles o no.","Cuerpo Extraño en el Ojo",,,
"4:42fa0b45-f15a-46e3-8c1d-acd05fba5810:19","Evaluacion",,,,"¿Hay algo visible flotando en el ojo?",,
"4:42fa0b45-f15a-46e3-8c1d-acd05fba5810:20","Evaluacion",,,,"¿Dolor fuerte, visión borrosa o sangrado?",,
"4:42fa0b45-f15a-46e3-8c1d-acd05fba5810:13","Emergencia",,"Cuerpo extraño superficial en la piel.","Astillas o Espinas Superficiales",,,
"4:42fa0b45-f15a-46e3-8c1d-acd05fba5810:21","Evaluacion",,,,"¿La astilla está parcialmente afuera y es pequeña?",,
"4:42fa0b45-f15a-46e3-8c1d-acd05fba5810:14","Emergencia",,"Malestar digestivo leve por comida en mal estado.","Intoxicación Leve por Alimentos",,,
"4:42fa0b45-f15a-46e3-8c1d-acd05fba5810:22","Evaluacion",,,,"¿Hay vómito, diarrea o dolor abdominal leve?",,
"4:42fa0b45-f15a-46e3-8c1d-acd05fba5810:23","Evaluacion",,,,"¿Hay fiebre alta, sangre o dolor intenso?",,
"4:42fa0b45-f15a-46e3-8c1d-acd05fba5810:15","Emergencia",,"Molestia torácica posiblemente muscular o de otra causa no urgente.","Dolor en el Pecho Leve",,,
"4:42fa0b45-f15a-46e3-8c1d-acd05fba5810:24","Evaluacion",,,,"¿Es punzante y ocurre al moverse o respirar hondo?",,
"4:42fa0b45-f15a-46e3-8c1d-acd05fba5810:25","Evaluacion",,,,"¿Dolor opresivo, con sudor, náuseas o falta de aire?",,
"4:42fa0b45-f15a-46e3-8c1d-acd05fba5810:16","Emergencia",,"Síntomas de ansiedad intensa o ataque de pánico.","Crisis de Ansiedad o Pánico",,,
"4:42fa0b45-f15a-46e3-8c1d-acd05fba5810:26","Evaluacion",,,,"¿La persona respira rápido, con miedo o palpitaciones?",,
"4:42fa0b45-f15a-46e3-8c1d-acd05fba5810:27","Evaluacion",,,,"¿Hay dolor en el pecho, desmayo o confusión?",,
"4:42fa0b45-f15a-46e3-8c1d-acd05fba5810:17","Emergencia",,"Lesión causada por mordida humana o animal.","Mordeduras (Animales o Personas)",,,
"4:42fa0b45-f15a-46e3-8c1d-acd05fba5810:28","Evaluacion",,,,"¿Herida leve, sin sangrado abundante?",,
"4:42fa0b45-f15a-46e3-8c1d-acd05fba5810:29","Evaluacion",,,,"¿Herida profunda, sangrado fuerte o animal desconocido?",,
"4:42fa0b45-f15a-46e3-8c1d-acd05fba5810:18","Emergencia",,"Síntomas alérgicos sin complicaciones respiratorias.","Reacción Alérgica Leve",,,
"4:42fa0b45-f15a-46e3-8c1d-acd05fba5810:30","Evaluacion",,,,"¿Hay ronchas o picazón sin dificultad para respirar?",,
"4:42fa0b45-f15a-46e3-8c1d-acd05fba5810:31","Evaluacion",,,,"¿Hay hinchazón en cara/cuello o dificultad para respirar?",,
"4:42fa0b45-f15a-46e3-8c1d-acd05fba5810:32","Paso",,,,,"No frotar el ojo.",1
"4:42fa0b45-f15a-46e3-8c1d-acd05fba5810:35","Paso",,,,,"Puede haber sensación sin objeto visible. Enjuagar igual y observar.",4
"4:42fa0b45-f15a-46e3-8c1d-acd05fba5810:36","Paso",,,,,"No tocar más. Cubrir con gasa y llamar a emergencias.",5
"4:42fa0b45-f15a-46e3-8c1d-acd05fba5810:37","Paso",,,,,"Observar si mejora en minutos.",6
"4:42fa0b45-f15a-46e3-8c1d-acd05fba5810:38","Paso",,,,,"Lava la zona.",1
"4:42fa0b45-f15a-46e3-8c1d-acd05fba5810:41","Paso",,,,,"Si está muy profunda, no intentar extraer. Cubrir y buscar atención médica.",4
"4:42fa0b45-f15a-46e3-8c1d-acd05fba5810:42","Paso",,,,,"Hidratación con agua o suero oral en sorbos.",1
"4:42fa0b45-f15a-46e3-8c1d-acd05fba5810:44","Paso",,,,,"No administrar medicamentos. Llamar a emergencias.",3
"4:42fa0b45-f15a-46e3-8c1d-acd05fba5810:45","Paso",,,,,"Puede ser muscular. Reposar y observar.",1
"4:42fa0b45-f15a-46e3-8c1d-acd05fba5810:46","Paso",,,,,"Posible infarto. Llamar a emergencias.",2
"4:42fa0b45-f15a-46e3-8c1d-acd05fba5810:47","Paso",,,,,"Hablar con voz calmada.",1
"4:42fa0b45-f15a-46e3-8c1d-acd05fba5810:50","Paso",,,,,"Llamar a emergencias.",4
"4:42fa0b45-f15a-46e3-8c1d-acd05fba5810:51","Paso",,,,,"Lavar con abundante agua y jabón por 5-10 minutos.",1
"4:42fa0b45-f15a-46e3-8c1d-acd05fba5810:54","Paso",,,,,"Cubrir y llamar a emergencias.",4
"4:42fa0b45-f15a-46e3-8c1d-acd05fba5810:55","Paso",,,,,"Aplicar frío.",1
"4:42fa0b45-f15a-46e3-8c1d-acd05fba5810:57","Paso",,,,,"Posible anafilaxia. Llamar a emergencias.",3
"4:42fa0b45-f15a-46e3-8c1d-acd05fba5810:33","Paso",,,,,"Intentar parpadear varias veces.",2
"4:42fa0b45-f15a-46e3-8c1d-acd05fba5810:34","Paso",,,,,"Si no se va, enjuagar con agua limpia o suero salino.",3
"4:42fa0b45-f15a-46e3-8c1d-acd05fba5810:39","Paso",,,,,"Usa pinzas limpias para extraer.",2
"4:42fa0b45-f15a-46e3-8c1d-acd05fba5810:40","Paso",,,,,"Lava y cubre con apósito.",3
"4:42fa0b45-f15a-46e3-8c1d-acd05fba5810:43","Paso",,,,,"Reposo, observar si mejora en pocas horas.",2
"4:42fa0b45-f15a-46e3-8c1d-acd05fba5810:48","Paso",,,,,"Guiar respiración: 'Inhala contando hasta 4, exhala contando hasta 4.'",2
"4:42fa0b45-f15a-46e3-8c1d-acd05fba5810:49","Paso",,,,,"Permanecer cerca hasta que se calme.",3
"4:42fa0b45-f15a-46e3-8c1d-acd05fba5810:70","Evaluacion",,,,"¿Hay labios morados, no puede hablar o caminar?",,
"4:42fa0b45-f15a-46e3-8c1d-acd05fba5810:135","Paso",,,,,"Aplicar hielo si es posible.",3
"4:42fa0b45-f15a-46e3-8c1d-acd05fba5810:52","Paso",,,,,"Cubrir con gasa limpia.",2
"4:42fa0b45-f15a-46e3-8c1d-acd05fba5810:53","Paso",,,,,"Buscar vacunación antitetánica si no está al día.",3
"4:42fa0b45-f15a-46e3-8c1d-acd05fba5810:56","Paso",,,,,"Administrar antihistamínico (si ya lo ha usado antes).",2
"4:42fa0b45-f15a-46e3-8c1d-acd05fba5810:58","Emergencia",,"Lesiones dentales por golpes o caídas.","Dientes Rotos o Caídos",,,
"4:42fa0b45-f15a-46e3-8c1d-acd05fba5810:59","Evaluacion",,,,"¿Se rompió pero el diente sigue en la boca?",,
"4:42fa0b45-f15a-46e3-8c1d-acd05fba5810:60","Evaluacion",,,,"¿El diente se cayó completamente?",,
"4:42fa0b45-f15a-46e3-8c1d-acd05fba5810:61","Paso",,,,,"Enjuagar con agua tibia.",1
"4:42fa0b45-f15a-46e3-8c1d-acd05fba5810:64","Paso",,,,,"Buscar el diente por la corona (no la raíz).",4
"4:42fa0b45-f15a-46e3-8c1d-acd05fba5810:62","Paso",,,,,"Aplicar frío externo.",2