"~id","~start_node_id","~end_node_id","~relationship_type"
"5:42fa0b45-f15a-46e3-8c1d-acd05fba5810:1152921504606846988","4:42fa0b45-f15a-46e3-8c1d-acd05fba5810:12","4:42fa0b45-f15a-46e3-8c1d-acd05fba5810:19","TIENE_EVALUACION"
"5:42fa0b45-f15a-46e3-8c1d-acd05fba5810:1155173304420532236","4:42fa0b45-f15a-46e3-8c1d-acd05fba5810:12","4:42fa0b45-f15a-46e3-8c1d-acd05fba5810:20","TIENE_EVALUACION"
"5:42fa0b45-f15a-46e3-8c1d-acd05fba5810:1152921504606846989","4:42fa0b45-f15a-46e3-8c1d-acd05fba5810:13","4:42fa0b45-f15a-46e3-8c1d-acd05fba5810:21","TIENE_EVALUACION"
"5:42fa0b45-f15a-46e3-8c1d-acd05fba5810:1152921504606846990","4:42fa0b45-f15a-46e3-8c1d-acd05fba5810:14","4:42fa0b45-f15a-46e3-8c1d-acd05fba5810:22","TIENE_EVALUACION"
"5:42fa0b45-f15a-46e3-8c1d-acd05fba5810:1155173304420532238","4:42fa0b45-f15a-46e3-8c1d-acd05fba5810:14","4:42fa0b45-f15a-46e3-8c1d-acd05fba5810:23","TIENE_EVALUACION"
"5:42fa0b45-f15a-46e3-8c1d-acd05fba5810:1152921504606846991","4:42fa0b45-f15a-46e3-8c1d-acd05fba5810:15","4:42fa0b45-f15a-46e3-8c1d-acd05fba5810:24","TIENE_EVALUACION"
"5:42fa0b45-f15a-46e3-8c1d-acd05fba5810:1155173304420532239","4:42fa0b45-f15a-46e3-8c1d-acd05fba5810:15","4:42fa0b45-f15a-46e3-8c1d-acd05fba5810:25","TIENE_EVALUACION"
"5:42fa0b45-f15a-46e3-8c1d-acd05fba5810:1152921504606846992","4:42fa0b45-f15a-46e3-8c1d-acd05fba5810:16","4:42fa0b45-f15a-46e3-8c1d-acd05fba5810:26","TIENE_EVALUACION"
"5:42fa0b45-f15a-46e3-8c1d-acd05fba5810:1155173304420532240","4:42fa0b45-f15a-46e3-8c1d-acd05fba5810:16","4:42fa0b45-f15a-46e3-8c1d-acd05fba5810:27","TIENE_EVALUACION"
"5:42fa0b45-f15a-46e3-8c1d-acd05fba5810:1152921504606846993","4:42fa0b45-f15a-46e3-8c1d-acd05fba5810:17","4:42fa0b45-f15a-46e3-8c1d-acd05fba5810:28","TIENE_EVALUACION"
"5:42fa0b45-f15a-46e3-8c1d-acd05fba5810:1155173304420532241","4:42fa0b45-f15a-46e3-8c1d-acd05fba5810:17","4:42fa0b45-f15a-46e3-8c1d-acd05fba5810:29","TIENE_EVALUACION"
"5:42fa0b45-f15a-46e3-8c1d-acd05fba5810:1152921504606846994","4:42fa0b45-f15a-46e3-8c1d-acd05fba5810:18","4:42fa0b45-f15a-46e3-8c1d-acd05fba5810:30","TIENE_EVALUACION"
"5:42fa0b45-f15a-46e3-8c1d-acd05fba5810:1155173304420532242","4:42fa0b45-f15a-46e3-8c1d-acd05fba5810:18","4:42fa0b45-f15a-46e3-8c1d-acd05fba5810:31","TIENE_EVALUACION"
"5:42fa0b45-f15a-46e3-8c1d-acd05fba5810:1152922604118474771","4:42fa0b45-f15a-46e3-8c1d-acd05fba5810:19","4:42fa0b45-f15a-46e3-8c1d-acd05fba5810:32","SI"
"5:42fa0b45-f15a-46e3-8c1d-acd05fba5810:1152924803141730323","4:42fa0b45-f15a-46e3-8c1d-acd05fba5810:19","4:42fa0b45-f15a-46e3-8c1d-acd05fba5810:35","NO"
"5:42fa0b45-f15a-46e3-8c1d-acd05fba5810:1152922604118474772","4:42fa0b45-f15a-46e3-8c1d-acd05fba5810:20","4:42fa0b45-f15a-46e3-8c1d-acd05fba5810:36","SI"
"5:42fa0b45-f15a-46e3-8c1d-acd05fba5810:1152924803141730324","4:42fa0b45-f15a-46e3-8c1d-acd05fba5810:20","4:42fa0b45-f15a-46e3-8c1d-acd05fba5810:37","NO"
"5:42fa0b45-f15a-46e3-8c1d-acd05fba5810:1152922604118474773","4:42fa0b45-f15a-46e3-8c1d-acd05fba5810:21","4:42fa0b45-f15a-46e3-8c1d-acd05fba5810:38","SI"
"5:42fa0b45-f15a-46e3-8c1d-acd05fba5810:1152924803141730325","4:42fa0b45-f15a-46e3-8c1d-acd05fba5810:21","4:42fa0b45-f15a-46e3-8c1d-acd05fba5810:41","NO"
"5:42fa0b45-f15a-46e3-8c1d-acd05fba5810:1152922604118474774","4:42fa0b45-f15a-46e3-8c1d-acd05fba5810:22","4:42fa0b45-f15a-46e3-8c1d-acd05fba5810:42","SI"
"5:42fa0b45-f15a-46e3-8c1d-acd05fba5810:1152922604118474775","4:42fa0b45-f15a-46e3-8c1d-acd05fba5810:23","4:42fa0b45-f15a-46e3-8c1d-acd05fba5810:44","SI"
"5:42fa0b45-f15a-46e3-8c1d-acd05fba5810:1152922604118474776","4:42fa0b45-f15a-46e3-8c1d-acd05fba5810:24","4:42fa0b45-f15a-46e3-8c1d-acd05fba5810:45","SI"
"5:42fa0b45-f15a-46e3-8c1d-acd05fba5810:1152922604118474777","4:42fa0b45-f15a-46e3-8c1d-acd05fba5810:25","4:42fa0b45-f15a-46e3-8c1d-acd05fba5810:46","SI"
"5:42fa0b45-f15a-46e3-8c1d-acd05fba5810:1152922604118474778","4:42fa0b45-f15a-46e3-8c1d-acd05fba5810:26","4:42fa0b45-f15a-46e3-8c1d-acd05fba5810:47","SI"
"5:42fa0b45-f15a-46e3-8c1d-acd05fba5810:1152922604118474779","4:42fa0b45-f15a-46e3-8c1d-acd05fba5810:27","4:42fa0b45-f15a-46e3-8c1d-acd05fba5810:50","SI"
"5:42fa0b45-f15a-46e3-8c1d-acd05fba5810:1152922604118474780","4:42fa0b45-f15a-46e3-8c1d-acd05fba5810:28","4:42fa0b45-f15a-46e3-8c1d-acd05fba5810:51","SI"
"5:42fa0b45-f15a-46e3-8c1d-acd05fba5810:1152922604118474781","4:42fa0b45-f15a-46e3-8c1d-acd05fba5810:29","4:42fa0b45-f15a-46e3-8c1d-acd05fba5810:54","SI"
"5:42fa0b45-f15a-46e3-8c1d-acd05fba5810:1152922604118474782","4:42fa0b45-f15a-46e3-8c1d-acd05fba5810:30","4:42fa0b45-f15a-46e3-8c1d-acd05fba5810:55","SI"
"5:42fa0b45-f15a-46e3-8c1d-acd05fba5810:1152922604118474783","4:42fa0b45-f15a-46e3-8c1d-acd05fba5810:31","4:42fa0b45-f15a-46e3-8c1d-acd05fba5810:57","SI"
"5:42fa0b45-f15a-46e3-8c1d-acd05fba5810:1152923703630102560","4:42fa0b45-f15a-46e3-8c1d-acd05fba5810:32","4:42fa0b45-f15a-46e3-8c1d-acd05fba5810:33","SIGUE"
"5:42fa0b45-f15a-46e3-8c1d-acd05fba5810:1155175503443787809","4:42fa0b45-f15a-46e3-8c1d-acd05fba5810:33","4:42fa0b45-f15a-46e3-8c1d-acd05fba5810:34","SIGUE"
"5:42fa0b45-f15a-46e3-8c1d-acd05fba5810:1152923703630102566","4:42fa0b45-f15a-46e3-8c1d-acd05fba5810:38","4:42fa0b45-f15a-46e3-8c1d-acd05fba5810:39","SIGUE"
"5:42fa0b45-f15a-46e3-8c1d-acd05fba5810:1155175503443787815","4:42fa0b45-f15a-46e3-8c1d-acd05fba5810:39","4:42fa0b45-f15a-46e3-8c1d-acd05fba5810:40","SIGUE"
"5:42fa0b45-f15a-46e3-8c1d-acd05fba5810:1152923703630102570","4:42fa0b45-f15a-46e3-8c1d-acd05fba5810:42","4:42fa0b45-f15a-46e3-8c1d-acd05fba5810:43","SIGUE"
"5:42fa0b45-f15a-46e3-8c1d-acd05fba5810:1152923703630102575","4:42fa0b45-f15a-46e3-8c1d-acd05fba5810:47","4:42fa0b45-f15a-46e3-8c1d-acd05fba5810:48","SIGUE"
"5:42fa0b45-f15a-46e3-8c1d-acd05fba5810:1155175503443787824","4:42fa0b45-f15a-46e3-8c1d-acd05fba5810:48","4:42fa0b45-f15a-46e3-8c1d-acd05fba5810:49","SIGUE"
"5:42fa0b45-f15a-46e3-8c1d-acd05fba5810:1152922604118474822","4:42fa0b45-f15a-46e3-8c1d-acd05fba5810:70","4:42fa0b45-f15a-46e3-8c1d-acd05fba5810:50","SI"
"5:42fa0b45-f15a-46e3-8c1d-acd05fba5810:1152923703630102663","4:42fa0b45-f15a-46e3-8c1d-acd05fba5810:135","4:42fa0b45-f15a-46e3-8c1d-acd05fba5810:50","SIGUE"
"5:42fa0b45-f15a-46e3-8c1d-acd05fba5810:1152923703630102579","4:42fa0b45-f15a-46e3-8c1d-acd05fba5810:51","4:42fa0b45-f15a-46e3-8c1d-acd05fba5810:52","SIGUE"
"5:42fa0b45-f15a-46e3-8c1d-acd05fba5810:1155175503443787828","4:42fa0b45-f15a-46e3-8c1d-acd05fba5810:52","4:42fa0b45-f15a-46e3-8c1d-acd05fba5810:53","SIGUE"
"5:42fa0b45-f15a-46e3-8c1d-acd05fba5810:1152923703630102583","4:42fa0b45-f15a-46e3-8c1d-acd05fba5810:55","4:42fa0b45-f15a-46e3-8c1d-acd05fba5810:56","SIGUE"
"5:42fa0b45-f15a-46e3-8c1d-acd05fba5810:1152921504606847034","4:42fa0b45-f15a-46e3-8c1d-acd05fba5810:58","4:42fa0b45-f15a-46e3-8c1d-acd05fba5810:59","TIENE_EVALUACION"
"5:42fa0b45-f15a-46e3-8c1d-acd05fba5810:1155173304420532282","4:42fa0b45-f15a-46e3-8c1d-acd05fba5810:58","4:42fa0b45-f15a-46e3-8c1d-acd05fba5810:60","TIENE_EVALUACION"
"5:42fa0b45-f15a-46e3-8c1d-acd05fba5810:1152922604118474811","4:42fa0b45-f15a-46e3-8c1d-acd05fba5810:59","4:42fa0b45-f15a-46e3-8c1d-acd05fba5810:61","SI"
"5:42fa0b45-f15a-46e3-8c1d-acd05fba5810:1152922604118474812","4:42fa0b45-f15a-46e3-8c1d-acd05fba5810:60","4:42fa0b45-f15a-46e3-8c1d-acd05fba5810:64","SI"
"5:42fa0b45-f15a-46e3-8c1d-acd05fba5810:1152923703630102589","4:42fa0b45-f15a-46e3-8c1d-acd05fba5810:61","4:42fa0b45-f15a-46e3-8c1d-acd05fba5810:62","SIGUE"